{
  "jacobi": [],
  "gauss-siedl": [
    {
      "spa1": {
        "niter": 31,
        "err": 2.248087927143092e-08,
        "tol": 1e-10,
        "time": 0.2622251510620117
      }
    },
    {
      "spa2": {
        "niter": 15,
        "err": 5.570739005858897e-09,
        "tol": 1e-10,
        "time": 0.41210031509399414
      }
    },
    {
      "vem1": {
        "niter": 2338,
        "err": 3.5082451846684273e-09,
        "tol": 1e-10,
        "time": 21.947693347930908
      }
    },
    {
      "vem2": {
        "niter": 3589,
        "err": 4.948902570133209e-09,
        "tol": 1e-10,
        "time": 77.89011144638062
      }
    }
  ]
}